dataset_name,nmi,ari,acc,Combination
Meadow,0.02744,0.03571,0.59582,attention-reconstruction-DEC
Orchards,0.16865,0.14761,0.69212,attention-reconstruction-DEC
Sud,0.52729,0.41286,0.46033,attention-reconstruction-DEC
full,0.01427,0.01988,0.57066,attention-reconstruction-DEC
Meadow,0.02174,0.03149,0.58964,attention-reconstruction-DEPICT
Orchards,0.14103,0.12277,0.67522,attention-reconstruction-DEPICT
Sud,0.5233,0.4103,0.47614,attention-reconstruction-DEPICT
full,0.05017,0.06933,0.63168,attention-reconstruction-DEPICT
Orchards,0.21803,0.28299,0.766,attention-reconstruction-DTCR
Sud,0.47459,0.33388,0.38444,attention-reconstruction-DTCR
Orchards,0.10553,0.13775,0.6856,attention-reconstruction-GAN
Sud,0.45832,0.3449,0.45374,attention-reconstruction-GAN
Meadow,0.02901,0.03665,0.59714,attention-reconstruction-IDEC
Orchards,0.14627,0.11374,0.66865,attention-reconstruction-IDEC
Sud,0.53211,0.38732,0.45993,attention-reconstruction-IDEC
full,0.02125,0.02892,0.58516,attention-reconstruction-IDEC
Meadow,0.03278,0.03927,0.6006,attention-reconstruction-None
Orchards,0.13032,0.0934,0.65283,attention-reconstruction-None
Sud,0.52794,0.3832,0.46114,attention-reconstruction-None
full,0.01969,0.0272,0.58259,attention-reconstruction-None
Meadow,0.0,0.0,0.5318,attention-tripletK10-DEC
Orchards,0.0,0.0,0.501,attention-tripletK10-DEC
Sud,0.46755,0.29051,0.42223,attention-tripletK10-DEC
full,0.00139,0.00179,0.52128,attention-tripletK10-DEC
Meadow,0.02888,0.03172,0.59121,attention-tripletK10-DEPICT
Orchards,0.16956,0.17015,0.70626,attention-tripletK10-DEPICT
Sud,0.48325,0.38452,0.49377,attention-tripletK10-DEPICT
full,0.00498,0.00599,0.53884,attention-tripletK10-DEPICT
Meadow,0.01433,0.02024,0.57121,attention-tripletK10-DTCR
Orchards,0.03515,0.04271,0.60338,attention-tripletK10-DTCR
Sud,0.37725,0.1982,0.33468,attention-tripletK10-DTCR
full,0.03965,0.05148,0.61348,attention-tripletK10-DTCR
Meadow,0.12236,0.0421,0.60597,attention-tripletK10-IDEC
Orchards,0.0,0.0,0.501,attention-tripletK10-IDEC
Sud,0.48325,0.32435,0.3969,attention-tripletK10-IDEC
full,0.00311,0.00405,0.53192,attention-tripletK10-IDEC
Meadow,0.10692,0.03279,0.59458,attention-tripletK10-None
Orchards,0.11044,0.12328,0.67558,attention-tripletK10-None
Sud,0.46116,0.2431,0.3815,attention-tripletK10-None
full,0.07905,0.10785,0.66422,attention-tripletK10-None
Meadow,0.00249,0.00521,0.53777,attention-tripletK1-DEC
Orchards,0.24706,0.28822,0.76845,attention-tripletK1-DEC
Sud,0.51108,0.60593,0.56966,attention-tripletK1-DEC
full,0.04423,0.06033,0.62287,attention-tripletK1-DEC
Meadow,0.00588,0.01046,0.5527,attention-tripletK1-DEPICT
Orchards,0.22389,0.27609,0.76274,attention-tripletK1-DEPICT
Sud,0.48389,0.4424,0.52498,attention-tripletK1-DEPICT
full,0.02097,0.02829,0.58413,attention-tripletK1-DEPICT
Meadow,0.12915,0.1758,0.7097,attention-tripletK1-DTCR
Orchards,0.05399,0.07074,0.63302,attention-tripletK1-DTCR
Sud,0.43067,0.38938,0.4275,attention-tripletK1-DTCR
full,0.03696,0.0364,0.59557,attention-tripletK1-DTCR
Meadow,8,00E-05,-1,00E-05,0.53176,attention-tripletK1-IDEC
Orchards,0.26344,0.26918,0.75943,attention-tripletK1-IDEC
Sud,0.45383,0.5468,0.62539,attention-tripletK1-IDEC
full,5,00E-05,4,00E-05,0.51539,attention-tripletK1-IDEC
Meadow,0.00292,0.00592,0.54012,attention-tripletK1-None
Orchards,0.2324,0.27154,0.76056,attention-tripletK1-None
Sud,0.46827,0.40119,0.4736,attention-tripletK1-None
full,0.0558,0.07678,0.63858,attention-tripletK1-None
Meadow,0.01904,0.02522,0.57948,attention-tripletK2-DEC
Orchards,0.05871,0.05585,0.6182,attention-tripletK2-DEC
Sud,0.0,0.0,0.44341,attention-tripletK2-DEC
full,0.12402,0.16747,0.70463,attention-tripletK2-DEC
Meadow,0.00954,0.01563,0.5637,attention-tripletK2-DEPICT
Orchards,0.06116,0.07806,0.63973,attention-tripletK2-DEPICT
Sud,0.0,0.0,0.44341,attention-tripletK2-DEPICT
full,0.11364,0.14946,0.69331,attention-tripletK2-DEPICT
Meadow,0.00149,0.00019,0.53248,attention-tripletK2-DTCR
Orchards,0.15028,0.18001,0.71216,attention-tripletK2-DTCR
Sud,0.4771,0.46452,0.47401,attention-tripletK2-DTCR
full,0.00011,-0.00019,0.50118,attention-tripletK2-DTCR
Meadow,0.01098,-0.00269,0.51533,attention-tripletK2-IDEC
Orchards,0.09962,0.07148,0.6337,attention-tripletK2-IDEC
Sud,0.0,0.0,0.44341,attention-tripletK2-IDEC
full,0.0,0.0,0.51517,attention-tripletK2-IDEC
Meadow,0.00402,0.00397,0.53201,attention-tripletK2-None
Orchards,0.06523,0.05916,0.62165,attention-tripletK2-None
Sud,0.22689,0.10768,0.24106,attention-tripletK2-None
full,0.10587,0.13878,0.68628,attention-tripletK2-None
Meadow,0.00392,0.00686,0.54199,attention-tripletK5-DEC
Orchards,0.01361,0.0183,0.56771,attention-tripletK5-DEC
Sud,0.45792,0.40527,0.47492,attention-tripletK5-DEC
full,0.02598,0.01482,0.56154,attention-tripletK5-DEC
Meadow,0.00246,-0.00089,0.50731,attention-tripletK5-DEPICT
Orchards,0.05916,0.07589,0.63778,attention-tripletK5-DEPICT
Sud,0.50104,0.55671,0.56064,attention-tripletK5-DEPICT
full,0.00101,-0.00024,0.505,attention-tripletK5-DEPICT
Meadow,0.00172,-0.00182,0.51751,attention-tripletK5-DTCR
Orchards,0.04897,0.02642,0.58131,attention-tripletK5-DTCR
Sud,0.40108,0.34882,0.40875,attention-tripletK5-DTCR
full,0.00672,0.00837,0.54585,attention-tripletK5-DTCR
Meadow,0.00031,0.00096,0.51755,attention-tripletK5-IDEC
Orchards,0.00018,0.00021,0.50789,attention-tripletK5-IDEC
Sud,0.24319,0.21835,0.54737,attention-tripletK5-IDEC
full,0.00455,0.00417,0.53266,attention-tripletK5-IDEC
Meadow,3,00E-05,0.00028,0.51401,attention-tripletK5-None
Orchards,0.00724,0.00952,0.5489,attention-tripletK5-None
Sud,0.44563,0.3708,0.43713,attention-tripletK5-None
full,0.02022,0.02851,0.58448,attention-tripletK5-None
Meadow,0.05341,0.06815,0.63122,attention-vae-DEC
Orchards,0.02634,0.03349,0.59155,attention-vae-DEC
Sud,0.41718,0.30875,0.35353,attention-vae-DEC
full,0.01348,0.00318,0.53029,attention-vae-DEC
Meadow,0.04025,0.05789,0.62052,attention-vae-DEPICT
Orchards,0.00232,0.00315,0.52828,attention-vae-DEPICT
Sud,0.48867,0.35464,0.44635,attention-vae-DEPICT
full,0.0226,0.00162,0.52396,attention-vae-DEPICT
Meadow,0.00478,0.00846,0.54677,attention-vae-DTCR
Orchards,0.08792,0.08638,0.64698,attention-vae-DTCR
Sud,0.50584,0.45223,0.5574,attention-vae-DTCR
Meadow,0.0239,0.03545,0.59437,attention-vae-IDEC
Orchards,0.01104,0.01378,0.55878,attention-vae-IDEC
Sud,0.47376,0.45847,0.55821,attention-vae-IDEC
full,0.00236,0.0,0.51003,attention-vae-IDEC
Meadow,0.05166,0.06837,0.63131,attention-vae-None
Orchards,0.03007,0.0364,0.59545,attention-vae-None
Sud,0.45641,0.34626,0.41828,attention-vae-None
Meadow,0.0,0.0,0.5318,attention-vae-VADE
Orchards,0.0,0.0,0.501,attention-vae-VADE
Sud,0.0,0.0,0.44341,attention-vae-VADE
full,0.01753,0.00168,0.52403,attention-vae-None
Meadow,0.11811,0.15687,0.69806,dilated_cnn-joint-DEC
Orchards,0.54203,0.55435,0.87228,dilated_cnn-joint-DEC
Sud,0.56362,0.48219,0.49488,dilated_cnn-joint-DEC
full,0.14557,0.13892,0.6865,dilated_cnn-joint-DEC
Meadow,0.11834,0.1583,0.69896,dilated_cnn-joint-DEPICT
Orchards,0.56425,0.60881,0.89014,dilated_cnn-joint-DEPICT
Sud,0.57748,0.68304,0.66005,dilated_cnn-joint-DEPICT
full,0.09173,0.1085,0.66479,dilated_cnn-joint-DEPICT
Meadow,0.0,8,00E-05,0.53005,dilated_cnn-joint-DTCR
Orchards,0.00457,0.00269,0.52606,dilated_cnn-joint-DTCR
Sud,0.22319,0.14121,0.25788,dilated_cnn-joint-DTCR
full,0.00223,-0.00066,0.50553,dilated_cnn-joint-DTCR
Meadow,0.11763,0.15049,0.69401,dilated_cnn-joint-IDEC
Orchards,0.56,0.5763,0.87958,dilated_cnn-joint-IDEC
Sud,0.56818,0.48555,0.48323,dilated_cnn-joint-IDEC
full,0.21614,0.15851,0.69925,dilated_cnn-joint-IDEC
Meadow,0.12145,0.1604,0.70028,dilated_cnn-joint-None
Orchards,0.55942,0.58209,0.88148,dilated_cnn-joint-None
Sud,0.57652,0.50162,0.54038,dilated_cnn-joint-None
full,0.21282,0.15468,0.69683,dilated_cnn-joint-None
Meadow,0.09408,0.11671,0.67089,dilated_cnn-reconstruction-DEC
Orchards,0.57468,0.63512,0.89848,dilated_cnn-reconstruction-DEC
Sud,0.57317,0.48941,0.51971,dilated_cnn-reconstruction-DEC
full,0.14108,0.13298,0.68248,dilated_cnn-reconstruction-DEC
Meadow,0.09858,0.12828,0.67912,dilated_cnn-reconstruction-DEPICT
Orchards,0.582,0.66834,0.90877,dilated_cnn-reconstruction-DEPICT
Sud,0.63675,0.7525,0.73381,dilated_cnn-reconstruction-DEPICT
full,0.11773,0.13574,0.6843,dilated_cnn-reconstruction-DEPICT
Meadow,0.00186,0.00023,0.53265,dilated_cnn-reconstruction-DTCR
Orchards,1,00E-05,-0.0,0.50091,dilated_cnn-reconstruction-DTCR
Sud,0.0,0.0,0.44341,dilated_cnn-reconstruction-DTCR
full,0.00023,3,00E-05,0.51539,dilated_cnn-reconstruction-DTCR
Meadow,0.02311,0.0117,0.55645,dilated_cnn-reconstruction-GAN
Orchards,0.53723,0.61079,0.89077,dilated_cnn-reconstruction-GAN
Sud,0.50666,0.29622,0.42031,dilated_cnn-reconstruction-GAN
full,0.00168,0.00232,0.52627,dilated_cnn-reconstruction-GAN
Meadow,0.11429,0.15198,0.69495,dilated_cnn-reconstruction-IDEC
Orchards,0.58642,0.63903,0.8997,dilated_cnn-reconstruction-IDEC
Sud,0.57839,0.49718,0.53136,dilated_cnn-reconstruction-IDEC
full,0.20632,0.15549,0.69733,dilated_cnn-reconstruction-IDEC
Meadow,0.09995,0.12735,0.67848,dilated_cnn-reconstruction-None
Orchards,0.56817,0.63555,0.89861,dilated_cnn-reconstruction-None
Sud,0.5814,0.50728,0.56014,dilated_cnn-reconstruction-None
full,0.20319,0.15542,0.69729,dilated_cnn-reconstruction-None
Meadow,0.0,0.0,0.5318,dilated_cnn-tripletK10-DEC
Orchards,0.0,0.0,0.501,dilated_cnn-tripletK10-DEC
Sud,0.0,0.0,0.44341,dilated_cnn-tripletK10-DEC
full,0.0,0.0,0.51517,dilated_cnn-tripletK10-DEC
Meadow,0.0,0.0,0.5318,dilated_cnn-tripletK10-DEPICT
Orchards,0.0,0.0,0.501,dilated_cnn-tripletK10-DEPICT
Sud,0.0,0.0,0.44341,dilated_cnn-tripletK10-DEPICT
full,0.0,0.0,0.51517,dilated_cnn-tripletK10-DEPICT
Meadow,0.00953,-0.00189,0.52216,dilated_cnn-tripletK10-DTCR
Orchards,9,00E-05,0.0,0.50104,dilated_cnn-tripletK10-DTCR
Sud,0.28317,0.2142,0.36133,dilated_cnn-tripletK10-DTCR
full,0.00652,0.00044,0.51838,dilated_cnn-tripletK10-DTCR
Meadow,0.0,0.0,0.5318,dilated_cnn-tripletK10-IDEC
Orchards,0.0,0.0,0.501,dilated_cnn-tripletK10-IDEC
Sud,0.0,0.0,0.44341,dilated_cnn-tripletK10-IDEC
full,0.0,0.0,0.51517,dilated_cnn-tripletK10-IDEC
Meadow,0.00953,-0.00189,0.52216,dilated_cnn-tripletK10-None
Orchards,0.00695,0.00025,0.50807,dilated_cnn-tripletK10-None
Sud,0.28326,0.21478,0.36123,dilated_cnn-tripletK10-None
full,0.00652,0.00044,0.51838,dilated_cnn-tripletK10-None
Meadow,0.0,0.0,0.5318,dilated_cnn-tripletK1-DEC
Orchards,0.0,0.0,0.501,dilated_cnn-tripletK1-DEC
Sud,0.0,0.0,0.44341,dilated_cnn-tripletK1-DEC
full,0.0,0.0,0.51517,dilated_cnn-tripletK1-DEC
Meadow,0.0,0.0,0.5318,dilated_cnn-tripletK1-DEPICT
Orchards,0.0,0.0,0.501,dilated_cnn-tripletK1-DEPICT
Sud,0.0,0.0,0.44341,dilated_cnn-tripletK1-DEPICT
full,0.0,0.0,0.51517,dilated_cnn-tripletK1-DEPICT
Meadow,0.00059,-0.00011,0.53133,dilated_cnn-tripletK1-DTCR
Orchards,0.0004,-0.0,0.50068,dilated_cnn-tripletK1-DTCR
Sud,0.19382,0.11351,0.2368,dilated_cnn-tripletK1-DTCR
full,0.00094,0.00055,0.51862,dilated_cnn-tripletK1-DTCR
Meadow,0.0,0.0,0.5318,dilated_cnn-tripletK1-IDEC
Orchards,0.0,0.0,0.501,dilated_cnn-tripletK1-IDEC
Sud,0.0,0.0,0.44341,dilated_cnn-tripletK1-IDEC
full,0.0,0.0,0.51517,dilated_cnn-tripletK1-IDEC
Meadow,0.00806,-0.00133,0.52553,dilated_cnn-tripletK1-None
Orchards,0.0004,-0.0,0.50068,dilated_cnn-tripletK1-None
Sud,0.19367,0.11323,0.23721,dilated_cnn-tripletK1-None
full,0.00094,0.00055,0.51862,dilated_cnn-tripletK1-None
Meadow,0.0,0.0,0.5318,dilated_cnn-tripletK2-DEC
Orchards,0.0045,5,00E-05,0.50354,dilated_cnn-tripletK2-DEC
Sud,0.0,0.0,0.44341,dilated_cnn-tripletK2-DEC
full,0.0,0.0,0.51517,dilated_cnn-tripletK2-DEC
Meadow,0.0,0.0,0.5318,dilated_cnn-tripletK2-DEPICT
Orchards,0.0,0.0,0.501,dilated_cnn-tripletK2-DEPICT
Sud,0.0,0.0,0.44341,dilated_cnn-tripletK2-DEPICT
full,0.0,0.0,0.51517,dilated_cnn-tripletK2-DEPICT
Meadow,0.00047,-6,00E-05,0.53154,dilated_cnn-tripletK2-DTCR
Orchards,0.00081,0.0,0.50141,dilated_cnn-tripletK2-DTCR
Sud,0.26029,0.19373,0.31533,dilated_cnn-tripletK2-DTCR
full,0.00417,0.00074,0.52018,dilated_cnn-tripletK2-DTCR
Meadow,0.0,0.0,0.5318,dilated_cnn-tripletK2-IDEC
Orchards,0.00099,0.00035,0.50965,dilated_cnn-tripletK2-IDEC
Sud,0.0,0.0,0.44341,dilated_cnn-tripletK2-IDEC
full,0.0,0.0,0.51517,dilated_cnn-tripletK2-IDEC
Meadow,0.00468,0.00061,0.53397,dilated_cnn-tripletK2-None
Orchards,0.0045,5,00E-05,0.50354,dilated_cnn-tripletK2-None
Sud,0.25767,0.19246,0.3205,dilated_cnn-tripletK2-None
full,0.00411,0.00074,0.52014,dilated_cnn-tripletK2-None
Meadow,0.0,0.0,0.5318,dilated_cnn-tripletK5-DEC
Orchards,0.0,0.0,0.501,dilated_cnn-tripletK5-DEC
Sud,0.0,0.0,0.44341,dilated_cnn-tripletK5-DEC
full,0.01181,-0.00083,0.5003,dilated_cnn-tripletK5-DEC
Meadow,0.0,0.0,0.5318,dilated_cnn-tripletK5-DEPICT
Orchards,0.0,0.0,0.501,dilated_cnn-tripletK5-DEPICT
Sud,0.0,0.0,0.44341,dilated_cnn-tripletK5-DEPICT
full,0.0,0.0,0.51517,dilated_cnn-tripletK5-DEPICT
Meadow,0.00353,-0.00123,0.52566,dilated_cnn-tripletK5-DTCR
Orchards,0.04773,0.0048,0.53467,dilated_cnn-tripletK5-DTCR
Sud,0.26496,0.14022,0.27703,dilated_cnn-tripletK5-DTCR
full,0.01933,0.00395,0.53451,dilated_cnn-tripletK5-DTCR
Meadow,0.0,0.0,0.5318,dilated_cnn-tripletK5-IDEC
Orchards,0.0,0.0,0.501,dilated_cnn-tripletK5-IDEC
Sud,0.0,0.0,0.44341,dilated_cnn-tripletK5-IDEC
full,0.0,0.0,0.51517,dilated_cnn-tripletK5-IDEC
Meadow,0.00353,-0.00123,0.52566,dilated_cnn-tripletK5-None
Orchards,0.04773,0.0048,0.53467,dilated_cnn-tripletK5-None
Sud,0.26479,0.1403,0.27713,dilated_cnn-tripletK5-None
full,0.01159,-0.00083,0.50025,dilated_cnn-tripletK5-None
Meadow,0.0,0.0,0.5318,dilated_cnn-vae-DEC
Orchards,0.02763,0.00841,0.54591,dilated_cnn-vae-DEC
Sud,0.0,0.0,0.44341,dilated_cnn-vae-DEC
full,0.0,0.0,0.51517,dilated_cnn-vae-DEC
Meadow,0.0,0.0,0.5318,dilated_cnn-vae-DEPICT
Orchards,0.0,0.0,0.501,dilated_cnn-vae-DEPICT
Sud,0.0,0.0,0.44341,dilated_cnn-vae-DEPICT
full,0.0,0.0,0.51517,dilated_cnn-vae-DEPICT
Meadow,0.00051,-0.00069,0.52745,dilated_cnn-vae-DTCR
Orchards,0.00226,5,00E-05,0.50385,dilated_cnn-vae-DTCR
Sud,0.30292,0.25171,0.49681,dilated_cnn-vae-DTCR
full,0.03126,0.00774,0.54552,dilated_cnn-vae-DTCR
Meadow,0.0,0.0,0.5318,dilated_cnn-vae-IDEC
Orchards,0.0,0.0,0.501,dilated_cnn-vae-IDEC
Sud,0.0,0.0,0.44341,dilated_cnn-vae-IDEC
full,0.0,0.0,0.51517,dilated_cnn-vae-IDEC
Meadow,0.00051,-0.00069,0.52745,dilated_cnn-vae-None
Orchards,0.02763,0.00841,0.54591,dilated_cnn-vae-None
Sud,0.30291,0.25165,0.49681,dilated_cnn-vae-None
Meadow,0.0,0.0,0.5318,dilated_cnn-vae-VADE
Orchards,0.0,0.0,0.501,dilated_cnn-vae-VADE
Sud,0.0,0.0,0.44341,dilated_cnn-vae-VADE
full,0.0,0.0,0.51517,dilated_cnn-vae-VADE
full,0.03123,0.00774,0.5455,dilated_cnn-vae-None
Orchards,0.55698,0.6305,0.89703,dilated_rnn-reconstruction-DEC
Orchards,0.53777,0.6249,0.89526,dilated_rnn-reconstruction-DEPICT
Orchards,0.43352,0.53389,0.86535,dilated_rnn-reconstruction-IDEC
Orchards,0.15171,0.14505,0.69045,dilated_rnn-reconstruction-None
Orchards,0.12434,0.13735,0.68532,dilated_rnn-tripletK10-DEC
Orchards,0.2513,0.32754,0.78617,dilated_rnn-tripletK10-DEPICT
Orchards,0.09629,0.10961,0.66556,dilated_rnn-tripletK10-DTCR
Orchards,0.14138,0.16977,0.70604,dilated_rnn-tripletK10-IDEC
Orchards,0.08397,0.09091,0.65079,dilated_rnn-tripletK10-None
Orchards,0.1272,0.15587,0.69743,dilated_rnn-tripletK1-DEC
Orchards,0.12082,0.15466,0.69666,dilated_rnn-tripletK1-DEPICT
Orchards,0.09796,0.10091,0.65886,dilated_rnn-tripletK1-DTCR
Orchards,0.05772,0.05144,0.61344,dilated_rnn-tripletK1-IDEC
Orchards,0.09133,0.09361,0.65301,dilated_rnn-tripletK1-None
Orchards,0.20084,0.24698,0.7485,dilated_rnn-tripletK2-DEC
Orchards,0.1692,0.16613,0.70382,dilated_rnn-tripletK2-DEPICT
Orchards,0.19725,0.24789,0.74896,dilated_rnn-tripletK2-DTCR
Orchards,0.08084,0.0428,0.60347,dilated_rnn-tripletK2-IDEC
Orchards,0.00055,0.00067,0.51332,dilated_rnn-tripletK2-None
Orchards,0.12871,0.14182,0.68832,dilated_rnn-tripletK5-DEC
Orchards,0.0728,0.09377,0.65315,dilated_rnn-tripletK5-DEPICT
Orchards,0.00087,0.00114,0.51722,dilated_rnn-tripletK5-DTCR
Orchards,0.10752,0.06737,0.6298,dilated_rnn-tripletK5-IDEC
Orchards,0.0571,0.0512,0.61317,dilated_rnn-tripletK5-None
Meadow,0.05106,0.0683,0.63071,fcnn-joint-DEC
Orchards,0.36081,0.42806,0.82714,fcnn-joint-DEC
Sud,0.53806,0.43726,0.49245,fcnn-joint-DEC
full,0.23342,0.19146,0.71891,fcnn-joint-DEC
Meadow,0.04871,0.06596,0.62845,fcnn-joint-DEPICT
Orchards,0.24701,0.31653,0.78132,fcnn-joint-DEPICT
Sud,0.5356,0.41072,0.52214,fcnn-joint-DEPICT
full,0.08257,0.10077,0.65881,fcnn-joint-DEPICT
Meadow,0.0242,0.03569,0.59501,fcnn-joint-DTCR
Orchards,0.00604,0.00528,0.53644,fcnn-joint-DTCR
Sud,0.0,0.0,0.44341,fcnn-joint-DTCR
full,0.02951,0.02931,0.5858,fcnn-joint-DTCR
Meadow,0.04797,0.06326,0.62581,fcnn-joint-IDEC
Orchards,0.37889,0.45101,0.8358,fcnn-joint-IDEC
Sud,0.53965,0.38763,0.44908,fcnn-joint-IDEC
full,0.14321,0.15635,0.6978,fcnn-joint-IDEC
Meadow,0.04688,0.06314,0.62568,fcnn-joint-None
Orchards,0.36642,0.43676,0.83045,fcnn-joint-None
Sud,0.55993,0.45865,0.52548,fcnn-joint-None
full,0.27369,0.18878,0.7174,fcnn-joint-None
Meadow,0.17011,0.22852,0.73905,fcnn-reconstruction-DEC
Orchards,0.48185,0.54187,0.86807,fcnn-reconstruction-DEC
Sud,0.5292,0.35706,0.45466,fcnn-reconstruction-DEC
full,0.28174,0.17724,0.71067,fcnn-reconstruction-DEC
Meadow,0.1286,0.17005,0.70621,fcnn-reconstruction-DEPICT
Orchards,0.43008,0.53376,0.8653,fcnn-reconstruction-DEPICT
Sud,0.54724,0.47677,0.48434,fcnn-reconstruction-DEPICT
full,0.04973,0.06861,0.631,fcnn-reconstruction-DEPICT
Meadow,0.0,0.0,0.5318,fcnn-reconstruction-DTCR
Orchards,0.0025,0.00251,0.52524,fcnn-reconstruction-DTCR
Sud,0.26224,0.17446,0.29284,fcnn-reconstruction-DTCR
full,0.01258,0.00896,0.54873,fcnn-reconstruction-DTCR
Meadow,0.01846,0.02299,0.57594,fcnn-reconstruction-GAN
Orchards,0.45172,0.54454,0.86897,fcnn-reconstruction-GAN
Sud,0.53643,0.45896,0.49752,fcnn-reconstruction-GAN
full,0.02032,0.02121,0.57301,fcnn-reconstruction-GAN
Meadow,0.13988,0.18713,0.71631,fcnn-reconstruction-IDEC
Orchards,0.41627,0.50721,0.8561,fcnn-reconstruction-IDEC
Sud,0.56114,0.43593,0.50897,fcnn-reconstruction-IDEC
full,0.25244,0.14295,0.68927,fcnn-reconstruction-IDEC
Meadow,0.1517,0.20004,0.72365,fcnn-reconstruction-None
Orchards,0.47677,0.56439,0.87563,fcnn-reconstruction-None
Sud,0.56276,0.49073,0.54382,fcnn-reconstruction-None
full,0.28888,0.19266,0.71962,fcnn-reconstruction-None
Meadow,0.10407,0.09532,0.65481,fcnn-tripletK10-DEC
Orchards,0.00615,0.00211,0.52307,fcnn-tripletK10-DEC
Sud,0.3602,0.34557,0.50309,fcnn-tripletK10-DEC
full,0.0013,9,00E-05,0.5159,fcnn-tripletK10-DEC
Meadow,0.11027,0.0484,0.61173,fcnn-tripletK10-DEPICT
Orchards,0.04544,0.06196,0.6245,fcnn-tripletK10-DEPICT
Sud,0.43068,0.25875,0.40075,fcnn-tripletK10-DEPICT
full,0.02185,0.02798,0.58369,fcnn-tripletK10-DEPICT
Meadow,0.07366,0.08708,0.64769,fcnn-tripletK10-DTCR
Orchards,0.18068,0.23823,0.74406,fcnn-tripletK10-DTCR
Sud,0.33329,0.24968,0.34826,fcnn-tripletK10-DTCR
full,0.02171,0.03047,0.58731,fcnn-tripletK10-DTCR
Meadow,0.0,0.0,0.5318,fcnn-tripletK10-IDEC
Orchards,0.01086,0.00555,0.53735,fcnn-tripletK10-IDEC
Sud,0.33304,0.17096,0.3435,fcnn-tripletK10-IDEC
full,0.00464,0.00588,0.53844,fcnn-tripletK10-IDEC
Meadow,0.08142,0.0934,0.65298,fcnn-tripletK10-None
Orchards,0.01697,0.02317,0.57619,fcnn-tripletK10-None
Sud,0.48084,0.29694,0.37055,fcnn-tripletK10-None
full,0.01069,0.01392,0.55905,fcnn-tripletK10-None
Meadow,4,00E-05,6,00E-05,0.50548,fcnn-tripletK1-DEC
Orchards,0.3626,0.45614,0.8377,fcnn-tripletK1-DEC
Sud,0.48213,0.47103,0.48576,fcnn-tripletK1-DEC
full,0.04456,0.05172,0.61379,fcnn-tripletK1-DEC
Meadow,0.00109,0.00304,0.5321,fcnn-tripletK1-DEPICT
Orchards,0.38527,0.47394,0.84423,fcnn-tripletK1-DEPICT
Sud,0.43079,0.50033,0.61668,fcnn-tripletK1-DEPICT
full,0.0129,0.01194,0.55556,fcnn-tripletK1-DEPICT
Meadow,0.03383,0.01004,0.55411,fcnn-tripletK1-DTCR
Orchards,0.00131,0.00166,0.52062,fcnn-tripletK1-DTCR
Sud,0.46471,0.37614,0.48161,fcnn-tripletK1-DTCR
full,0.0006,0.00114,0.51735,fcnn-tripletK1-DTCR
Meadow,0.03731,0.01312,0.56059,fcnn-tripletK1-IDEC
Orchards,0.33002,0.42097,0.82442,fcnn-tripletK1-IDEC
Sud,0.0,0.0,0.44341,fcnn-tripletK1-IDEC
full,0.02288,0.00697,0.54391,fcnn-tripletK1-IDEC
Meadow,0.00049,-0.00048,0.50134,fcnn-tripletK1-None
Orchards,0.28975,0.37224,0.80507,fcnn-tripletK1-None
Sud,0.50757,0.44755,0.48323,fcnn-tripletK1-None
full,0.05068,0.0598,0.62234,fcnn-tripletK1-None
Meadow,0.20032,0.26329,0.75662,fcnn-tripletK2-DEC
Orchards,0.46381,0.44761,0.83453,fcnn-tripletK2-DEC
Sud,0.50483,0.48822,0.58375,fcnn-tripletK2-DEC
full,0.10779,0.13097,0.68099,fcnn-tripletK2-DEC
Meadow,0.08573,0.02259,0.58034,fcnn-tripletK2-DEPICT
Orchards,0.17878,0.23278,0.74125,fcnn-tripletK2-DEPICT
Sud,0.44473,0.33956,0.49944,fcnn-tripletK2-DEPICT
full,0.08437,0.11522,0.66974,fcnn-tripletK2-DEPICT
Meadow,0.0175,0.02161,0.57364,fcnn-tripletK2-DTCR
Orchards,0.18032,0.2385,0.7442,fcnn-tripletK2-DTCR
Sud,0.29744,0.19466,0.34664,fcnn-tripletK2-DTCR
full,0.00151,0.0018,0.52137,fcnn-tripletK2-DTCR
Meadow,0.19878,0.10742,0.66534,fcnn-tripletK2-IDEC
Orchards,0.0,0.0,0.501,fcnn-tripletK2-IDEC
Sud,0.2545,0.14394,0.45344,fcnn-tripletK2-IDEC
full,0.0,0.0,0.51517,fcnn-tripletK2-IDEC
Meadow,0.22527,0.28372,0.76643,fcnn-tripletK2-None
Orchards,0.41147,0.46117,0.83956,fcnn-tripletK2-None
Sud,0.46413,0.26588,0.38292,fcnn-tripletK2-None
full,0.09099,0.12391,0.67602,fcnn-tripletK2-None
Meadow,0.12115,0.11074,0.66679,fcnn-tripletK5-DEC
Orchards,0.05386,0.0596,0.6221,fcnn-tripletK5-DEC
Sud,0.26313,0.2845,0.57584,fcnn-tripletK5-DEC
full,0.04897,0.04146,0.60206,fcnn-tripletK5-DEC
Meadow,0.13901,0.12739,0.67882,fcnn-tripletK5-DEPICT
Orchards,0.09353,0.11905,0.67254,fcnn-tripletK5-DEPICT
Sud,0.39752,0.53892,0.57311,fcnn-tripletK5-DEPICT
full,0.00049,0.001,0.51654,fcnn-tripletK5-DEPICT
Meadow,0.00498,0.00676,0.54122,fcnn-tripletK5-DTCR
Orchards,0.01051,0.01374,0.55869,fcnn-tripletK5-DTCR
Sud,0.40132,0.29499,0.37076,fcnn-tripletK5-DTCR
full,0.06905,0.09266,0.65224,fcnn-tripletK5-DTCR
Meadow,0.00791,-0.00269,0.51384,fcnn-tripletK5-IDEC
Orchards,0.05268,0.05136,0.61335,fcnn-tripletK5-IDEC
Sud,0.38883,0.31268,0.50319,fcnn-tripletK5-IDEC
full,0.00035,0.00053,0.51172,fcnn-tripletK5-IDEC
Meadow,0.14871,0.18333,0.71414,fcnn-tripletK5-None
Orchards,0.05083,0.04569,0.60692,fcnn-tripletK5-None
Sud,0.45509,0.30686,0.38444,fcnn-tripletK5-None
full,0.00037,0.00049,0.51133,fcnn-tripletK5-None
Meadow,0.0343,0.04486,0.60691,fcnn-vae-DEC
Orchards,0.55788,0.62878,0.89648,fcnn-vae-DEC
Sud,0.37333,0.40966,0.58689,fcnn-vae-DEC
full,0.08944,0.09629,0.6553,fcnn-vae-DEC
Meadow,0.02875,0.04033,0.60119,fcnn-vae-DEPICT
Orchards,0.55921,0.64106,0.90034,fcnn-vae-DEPICT
Sud,0.0,0.0,0.44341,fcnn-vae-DEPICT
full,0.07594,0.08989,0.65003,fcnn-vae-DEPICT
Meadow,0.00166,0.00252,0.52536,fcnn-vae-DTCR
Orchards,0.60662,0.63223,0.89757,fcnn-vae-DTCR
Sud,0.0,0.0,0.44341,fcnn-vae-DTCR
full,0.03642,0.04813,0.60973,fcnn-vae-DTCR
Meadow,0.04606,0.05252,0.61587,fcnn-vae-IDEC
Orchards,0.62461,0.64965,0.90301,fcnn-vae-IDEC
Sud,0.0,0.0,0.44341,fcnn-vae-IDEC
full,0.119,0.11231,0.66774,fcnn-vae-IDEC
Meadow,0.0356,0.04617,0.60845,fcnn-vae-None
Orchards,0.56429,0.63007,0.89689,fcnn-vae-None
Sud,0.00924,0.00233,0.44483,fcnn-vae-None
Meadow,0.0,0.0,0.5318,fcnn-vae-VADE
Orchards,0.0,0.0,0.501,fcnn-vae-VADE
Sud,0.0,0.0,0.44341,fcnn-vae-VADE
full,0.0,0.0,0.51517,fcnn-vae-VADE
full,0.09228,0.09652,0.6555,fcnn-vae-None
Meadow,0.02044,0.02972,0.58631,kmeans-DTW-None
Orchards,0.24555,0.2779,0.7636,kmeans-DTW-None
Sud,0.53703,0.42872,0.50826,kmeans-DTW-None
full,0.04083,0.0566,0.61898,kmeans-DTW-None
Meadow,0.09172,0.11335,0.66842,kmeans-Eucl-None
Orchards,0.55472,0.6219,0.89431,kmeans-Eucl-None
Sud,0.58,0.55738,0.57605,kmeans-Eucl-None
full,0.10611,0.10904,0.66525,kmeans-Eucl-None
Meadow,0.04285,0.05354,0.61668,kpca-None-None
Orchards,0.56102,0.62548,0.89544,kpca-None-None
Sud,0.56972,0.49069,0.53947,kpca-None-None
full,0.11425,0.11393,0.66892,kpca-None-None
Meadow,0.0147,1,00E-05,0.5225,kshape-None-None
Orchards,0.11966,0.02906,0.58525,kshape-None-None
Sud,0.55557,0.53076,0.5574,kshape-None-None
full,0.04542,0.06187,0.62443,kshape-None-None
Meadow,0.00285,0.00427,0.53286,kumap-None-None
Orchards,0.01571,0.02165,0.57365,kumap-None-None
Sud,0.6308,0.52594,0.53896,kumap-None-None
full,0.00013,0.00019,0.50724,kumap-None-None
Meadow,0.10963,0.13982,0.68701,mlp-joint-DEC
Orchards,0.55217,0.62576,0.89553,mlp-joint-DEC
Sud,0.0,0.0,0.44341,mlp-joint-DEC
full,0.01112,0.01428,0.55982,mlp-joint-DEC
Meadow,0.10731,0.14235,0.68868,mlp-joint-DEPICT
Orchards,0.52463,0.62505,0.8953,mlp-joint-DEPICT
Sud,0.54527,0.45695,0.48465,mlp-joint-DEPICT
full,0.02138,0.02977,0.5863,mlp-joint-DEPICT
Meadow,0.02476,0.03583,0.59475,mlp-joint-DTCR
Orchards,0.00175,0.00232,0.52434,mlp-joint-DTCR
Sud,0.5226,0.45007,0.4885,mlp-joint-DTCR
full,0.00034,0.00059,0.51249,mlp-joint-DTCR
Meadow,0.1013,0.13398,0.68305,mlp-joint-IDEC
Orchards,0.13139,0.08538,0.64612,mlp-joint-IDEC
Sud,0.56268,0.47188,0.5035,mlp-joint-IDEC
full,0.02253,0.03161,0.58894,mlp-joint-IDEC
Meadow,0.11144,0.14874,0.69286,mlp-joint-None
Orchards,0.57675,0.63281,0.89775,mlp-joint-None
Sud,0.56447,0.47241,0.519,mlp-joint-None
full,0.023,0.03212,0.58964,mlp-joint-None
Meadow,0.05715,0.06002,0.62282,mlp-reconstruction-DEC
Orchards,0.52983,0.60204,0.88796,mlp-reconstruction-DEC
Sud,0.0,0.0,0.44341,mlp-reconstruction-DEC
full,0.04128,0.05221,0.61438,mlp-reconstruction-DEC
Meadow,0.07849,0.09778,0.65643,mlp-reconstruction-DEPICT
Orchards,0.53992,0.6428,0.90088,mlp-reconstruction-DEPICT
Sud,0.55726,0.49769,0.51809,mlp-reconstruction-DEPICT
full,0.007,0.00958,0.54899,mlp-reconstruction-DEPICT
Meadow,0.00547,0.00445,0.53431,mlp-reconstruction-DTCR
Orchards,0.00021,0.0002,0.50784,mlp-reconstruction-DTCR
Sud,0.45018,0.33386,0.37471,mlp-reconstruction-DTCR
full,0.01626,0.02025,0.57123,mlp-reconstruction-DTCR
Meadow,0.0641,0.07083,0.63331,mlp-reconstruction-GAN
Orchards,0.39668,0.48461,0.84808,mlp-reconstruction-GAN
Sud,0.49684,0.42371,0.45496,mlp-reconstruction-GAN
full,0.01667,0.01979,0.57074,mlp-reconstruction-GAN
Meadow,0.08308,0.10313,0.66065,mlp-reconstruction-IDEC
Orchards,0.54752,0.61733,0.89286,mlp-reconstruction-IDEC
Sud,0.54607,0.45124,0.50106,mlp-reconstruction-IDEC
full,0.01819,0.02569,0.58019,mlp-reconstruction-IDEC
Meadow,0.07247,0.077,0.63903,mlp-reconstruction-None
Orchards,0.55064,0.62061,0.8939,mlp-reconstruction-None
Sud,0.57873,0.52228,0.55548,mlp-reconstruction-None
full,0.01211,0.01706,0.56536,mlp-reconstruction-None
Meadow,0.02102,0.02547,0.57995,mlp-tripletK10-DEC
Orchards,0.18765,0.15028,0.69385,mlp-tripletK10-DEC
Sud,0.5226,0.5458,0.55507,mlp-tripletK10-DEC
full,0.02094,0.02948,0.58591,mlp-tripletK10-DEC
Meadow,0.0,0.0,0.5318,mlp-tripletK10-DEPICT
Orchards,0.0,0.0,0.501,mlp-tripletK10-DEPICT
Sud,0.53096,0.56207,0.56206,mlp-tripletK10-DEPICT
full,0.0,0.0,0.51517,mlp-tripletK10-DEPICT
Meadow,0.0,0.0,0.5318,mlp-tripletK10-IDEC
Orchards,0.0,0.0,0.501,mlp-tripletK10-IDEC
Sud,0.0,0.0,0.44341,mlp-tripletK10-IDEC
full,0.0,0.0,0.51517,mlp-tripletK10-IDEC
Meadow,0.05676,0.0459,0.60793,mlp-tripletK10-None
Orchards,0.07787,0.08389,0.64485,mlp-tripletK10-None
Sud,0.5223,0.48487,0.51869,mlp-tripletK10-None
full,0.03668,0.05038,0.61225,mlp-tripletK10-None
Meadow,0.04923,0.06052,0.62312,mlp-tripletK1-DEC
Orchards,0.25763,0.32899,0.7868,mlp-tripletK1-DEC
Sud,0.50293,0.49844,0.55082,mlp-tripletK1-DEC
full,0.05586,0.05902,0.62159,mlp-tripletK1-DEC
Meadow,0.06083,0.05988,0.62278,mlp-tripletK1-DEPICT
Orchards,0.0,0.0,0.501,mlp-tripletK1-DEPICT
Sud,0.0,0.0,0.44341,mlp-tripletK1-DEPICT
full,0.0,0.0,0.51517,mlp-tripletK1-DEPICT
Meadow,0.0,0.0,0.5318,mlp-tripletK1-IDEC
Orchards,0.0,0.0,0.501,mlp-tripletK1-IDEC
Sud,0.00385,0.00189,0.44452,mlp-tripletK1-IDEC
full,0.0,0.0,0.51517,mlp-tripletK1-IDEC
Meadow,0.01756,0.02117,0.57292,mlp-tripletK1-None
Orchards,0.08652,0.10769,0.66411,mlp-tripletK1-None
Sud,0.47768,0.42114,0.47158,mlp-tripletK1-None
full,0.05089,0.05068,0.61271,mlp-tripletK1-None
Meadow,0.02618,0.01689,0.56656,mlp-tripletK2-DEC
Orchards,0.1164,0.11818,0.67191,mlp-tripletK2-DEC
Sud,0.0,0.0,0.44341,mlp-tripletK2-DEC
full,0.00895,-0.00078,0.50467,mlp-tripletK2-DEC
Meadow,0.02265,0.00348,0.53653,mlp-tripletK2-DEPICT
Orchards,0.0,0.0,0.501,mlp-tripletK2-DEPICT
Sud,0.46614,0.31909,0.36488,mlp-tripletK2-DEPICT
full,0.0,0.0,0.51517,mlp-tripletK2-DEPICT
Meadow,0.0,0.0,0.5318,mlp-tripletK2-IDEC
Orchards,0.0,0.0,0.501,mlp-tripletK2-IDEC
Sud,0.48405,0.30905,0.3819,mlp-tripletK2-IDEC
full,0.05281,0.05559,0.61801,mlp-tripletK2-IDEC
Meadow,0.02538,0.01241,0.55816,mlp-tripletK2-None
Orchards,0.12457,0.1393,0.68664,mlp-tripletK2-None
Sud,0.52522,0.42088,0.45547,mlp-tripletK2-None
full,0.14621,0.18024,0.7123,mlp-tripletK2-None
Meadow,0.13082,0.15555,0.69729,mlp-tripletK5-DEC
Orchards,0.1429,0.16151,0.70096,mlp-tripletK5-DEC
Sud,0.0,0.0,0.44341,mlp-tripletK5-DEC
full,0.0155,0.01128,0.55429,mlp-tripletK5-DEC
Meadow,0.0,0.0,0.5318,mlp-tripletK5-DEPICT
Orchards,0.0,0.0,0.501,mlp-tripletK5-DEPICT
Sud,0.53071,0.51976,0.52518,mlp-tripletK5-DEPICT
full,0.0,0.0,0.51517,mlp-tripletK5-DEPICT
Meadow,0.0,0.0,0.5318,mlp-tripletK5-IDEC
Orchards,0.0,0.0,0.501,mlp-tripletK5-IDEC
Sud,0.55704,0.56107,0.56875,mlp-tripletK5-IDEC
full,0.0,0.0,0.51517,mlp-tripletK5-IDEC
Meadow,0.09907,0.09588,0.65519,mlp-tripletK5-None
Orchards,0.04966,0.05736,0.61979,mlp-tripletK5-None
Sud,0.5659,0.62791,0.60118,mlp-tripletK5-None
full,0.10186,0.10532,0.66242,mlp-tripletK5-None
Meadow,0.00101,0.00242,0.53491,mlp-vae-DEC
Orchards,0.40304,0.43198,0.82863,mlp-vae-DEC
Sud,0.48826,0.42476,0.45374,mlp-vae-DEC
full,0.02115,0.01723,0.56646,mlp-vae-DEC
Meadow,0.06497,0.08812,0.64875,mlp-vae-DEPICT
Orchards,0.33022,0.42132,0.82456,mlp-vae-DEPICT
Sud,0.0,0.0,0.44341,mlp-vae-DEPICT
full,0.00091,0.00031,0.51058,mlp-vae-DEPICT
Meadow,0.03524,0.05087,0.61309,mlp-vae-IDEC
Orchards,0.42758,0.52676,0.8629,mlp-vae-IDEC
Sud,0.0,0.0,0.44341,mlp-vae-IDEC
full,0.00563,0.00019,0.5135,mlp-vae-IDEC
Meadow,0.00488,0.0084,0.54639,mlp-vae-None
Orchards,0.59621,0.63917,0.89975,mlp-vae-None
Sud,0.57224,0.48529,0.55284,mlp-vae-None
Meadow,0.0,0.0,0.5318,mlp-vae-VADE
Orchards,0.0,0.0,0.501,mlp-vae-VADE
Sud,0.05674,0.08133,0.4655,mlp-vae-VADE
full,0.0,0.0,0.51517,mlp-vae-VADE
full,0.00966,0.01167,0.55462,mlp-vae-None
Meadow,0.02006,0.02916,0.58639,res_cnn-joint-DEC
Orchards,0.62546,0.65126,0.90351,res_cnn-joint-DEC
Sud,0.55953,0.6234,0.62367,res_cnn-joint-DEC
full,0.29476,0.19533,0.72113,res_cnn-joint-DEC
Meadow,0.03019,0.04111,0.6023,res_cnn-joint-DEPICT
Orchards,0.64521,0.68265,0.91312,res_cnn-joint-DEPICT
Sud,0.51891,0.51251,0.61029,res_cnn-joint-DEPICT
full,0.17013,0.17619,0.70997,res_cnn-joint-DEPICT
Meadow,0.01301,0.02031,0.57164,res_cnn-joint-DTCR
Orchards,0.08242,0.10287,0.6604,res_cnn-joint-DTCR
Sud,0.27498,0.17559,0.32202,res_cnn-joint-DTCR
full,0.0069,0.00771,0.5449,res_cnn-joint-DTCR
Meadow,0.03057,0.03667,0.59736,res_cnn-joint-IDEC
Orchards,0.6048,0.62462,0.89517,res_cnn-joint-IDEC
Sud,0.0,0.0,0.44341,res_cnn-joint-IDEC
full,0.24068,0.17961,0.71206,res_cnn-joint-IDEC
Meadow,0.02069,0.02869,0.58605,res_cnn-joint-None
Orchards,0.58598,0.59657,0.88619,res_cnn-joint-None
Sud,0.55166,0.46183,0.52072,res_cnn-joint-None
full,0.27659,0.18939,0.71775,res_cnn-joint-None
Meadow,0.02104,0.03121,0.58904,res_cnn-reconstruction-DEC
Orchards,0.30912,0.39617,0.81472,res_cnn-reconstruction-DEC
Sud,0.00732,0.00249,0.44523,res_cnn-reconstruction-DEC
full,0.11968,0.12455,0.67659,res_cnn-reconstruction-DEC
Meadow,0.01103,0.01749,0.56656,res_cnn-reconstruction-DEPICT
Orchards,0.34625,0.43832,0.83104,res_cnn-reconstruction-DEPICT
Sud,0.55192,0.48332,0.51616,res_cnn-reconstruction-DEPICT
full,0.07793,0.09344,0.65295,res_cnn-reconstruction-DEPICT
Meadow,0.04164,0.02932,0.58682,res_cnn-reconstruction-DTCR
Orchards,0.0,0.0,0.501,res_cnn-reconstruction-DTCR
Sud,0.0,0.0,0.44341,res_cnn-reconstruction-DTCR
full,0.0,0.0,0.51517,res_cnn-reconstruction-DTCR
Meadow,0.03077,0.04095,0.60222,res_cnn-reconstruction-GAN
Orchards,0.54884,0.54454,0.86897,res_cnn-reconstruction-GAN
Sud,0.50833,0.32336,0.43956,res_cnn-reconstruction-GAN
full,0.12238,0.12179,0.67464,res_cnn-reconstruction-GAN
Meadow,0.0187,0.0283,0.58443,res_cnn-reconstruction-IDEC
Orchards,0.39425,0.48348,0.84767,res_cnn-reconstruction-IDEC
Sud,0.5272,0.51506,0.55173,res_cnn-reconstruction-IDEC
full,0.23865,0.15912,0.69964,res_cnn-reconstruction-IDEC
Meadow,0.03644,0.04964,0.61211,res_cnn-reconstruction-None
Orchards,0.34197,0.40882,0.81971,res_cnn-reconstruction-None
Sud,0.54105,0.49711,0.54504,res_cnn-reconstruction-None
full,0.11028,0.10577,0.66279,res_cnn-reconstruction-None
Orchards,0.31341,0.39606,0.81468,res_cnn-vae-DEC
Sud,0.0,0.0,0.44341,res_cnn-vae-DEC
Orchards,0.0,0.0,0.501,res_cnn-vae-DEPICT
Sud,0.0,0.0,0.44341,res_cnn-vae-DEPICT
Orchards,0.00202,5,00E-05,0.50385,res_cnn-vae-DTCR
Sud,0.0,0.0,0.44341,res_cnn-vae-DTCR
Orchards,0.4114,0.48537,0.84835,res_cnn-vae-IDEC
Sud,0.0,0.0,0.44341,res_cnn-vae-IDEC
Orchards,0.35679,0.44967,0.8353,res_cnn-vae-None
Sud,0.46004,0.43083,0.43621,res_cnn-vae-None
Orchards,0.03344,0.0042,0.53245,res_cnn-vae-VADE
Sud,0.42759,0.37427,0.56936,res_cnn-vae-VADE
0,,,,mlp-tripletK10-None
0,,,,mlp-tripletK10-None
0,,,,mlp-tripletK10-None
0,,,,mlp-tripletK10-None
0,,,,mlp-tripletK1-None
0,,,,mlp-tripletK1-None
0,,,,mlp-tripletK1-None
0,,,,mlp-tripletK1-None
0,,,,mlp-tripletK2-None
0,,,,mlp-tripletK2-None
0,,,,mlp-tripletK2-None
0,,,,mlp-tripletK2-None
0,,,,mlp-tripletK5-None
0,,,,mlp-tripletK5-None
0,,,,mlp-tripletK5-None
0,,,,mlp-tripletK5-None
0,,,,mlp-vae-None
0,,,,mlp-vae-None
0,,,,mlp-vae-None
0,,,,mlp-vae-None
